{
	"version": 3,
	"settings": {
		"appearanceTools": true,
		"color": {
			"defaultDuotone": false,
			"defaultPalette": false,
			"defaultGradients": false,
			"palette": [
				{
					"name": "White",
					"slug": "white",
					"color": "#ffffff"
				},
				{
					"name": "Black",
					"slug": "black",
					"color": "#000000"
				}
			]
		},
		"gradients": [
			{
				"gradient": "linear-gradient(to right, #fff, #000)",
				"name": "White Black",
				"slug": "white-black"
			}
		],
		"typography": {
			"defaultFontSizes": false,
			"fontSizes": [
				{
					"slug": "body",
					"size": "1em",
					"name": "Body"
				},
				{
					"slug": "medium",
					"size": "1.25rem",
					"name": "Medium"
				}
			]
		},
		"spacing": {
			"defaultSpacingSizes": false,
			"margin": true,
			"padding": true,
			"units": [ "rem", "em", "vh", "vw", "px" ]
		},
		"layout": {
			"contentSize": "1200px",
			"wideSize": "1920px"
		}
	}
}